x_mm,r_mm
-215.6880,51.7939
-213.1937,51.7939
-210.6994,51.7939
-208.2051,51.7939
-205.7108,51.7939
-203.2165,51.7939
-200.7222,51.7939
-198.2279,51.7939
-195.7335,51.7939
-193.2392,51.7939
-190.7449,51.7939
-188.2506,51.7939
-185.7563,51.7939
-183.2620,51.7939
-180.7677,51.7939
-178.2733,51.7939
-175.7790,51.7939
-173.2847,51.7939
-170.7904,51.7939
-168.2961,51.7939
-165.8018,51.7939
-163.3075,51.7939
-160.8131,51.7939
-158.3188,51.7939
-155.8245,51.7939
-153.3302,51.7939
-150.8359,51.7939
-148.3416,51.7939
-145.8473,51.7939
-143.3530,51.7939
-140.8586,51.7939
-138.3643,51.7939
-135.8700,51.7939
-133.3757,51.7939
-130.8814,51.7939
-128.3871,51.7939
-125.8928,51.7939
-123.3984,51.7939
-120.9041,51.7939
-118.4098,51.7939
-115.9155,51.7939
-113.4212,51.7939
-110.9269,51.7939
-108.4326,51.7939
-105.9382,51.7939
-103.4439,51.7939
-100.9496,51.7939
-98.4553,51.7939
-95.9610,51.7939
-93.4667,51.7939
-90.9724,51.7939
-88.4781,51.7939
-85.9837,51.7939
-83.4894,51.7939
-80.9951,51.7939
-78.5008,51.7939
-76.0065,51.7939
-73.5122,51.7939
-71.0179,51.7939
-68.5235,51.7939
-68.2937,51.7929
-68.0639,51.7899
-67.8342,51.7848
-67.6044,51.7776
-67.3748,51.7684
-67.1453,51.7572
-66.9158,51.7440
-66.6865,51.7287
-66.4573,51.7114
-66.2283,51.6920
-65.9995,51.6706
-65.7709,51.6472
-65.5425,51.6218
-65.3143,51.5943
-65.0864,51.5648
-64.8587,51.5333
-64.6313,51.4998
-64.4043,51.4642
-64.1775,51.4267
-63.9512,51.3871
-63.7251,51.3455
-63.4995,51.3019
-63.2742,51.2563
-63.0494,51.2087
-62.8250,51.1592
-62.6010,51.1076
-62.3775,51.0541
-62.1545,50.9985
-61.9320,50.9410
-61.7100,50.8815
-61.4885,50.8201
-61.2676,50.7567
-61.0473,50.6913
-60.8276,50.6240
-60.6084,50.5547
-60.3899,50.4835
-60.1720,50.4103
-59.9548,50.3353
-59.7383,50.2582
-59.5224,50.1793
-59.3073,50.0985
-59.0929,50.0157
-58.8792,49.9311
-58.6663,49.8446
-58.4542,49.7562
-58.2428,49.6659
-58.0323,49.5737
-57.8226,49.4796
-57.6137,49.3838
-57.4057,49.2860
-57.1986,49.1864
-56.9924,49.0850
-56.7870,48.9818
-56.5826,48.8767
-56.3792,48.7698
-56.1767,48.6611
-55.9751,48.5507
-55.7746,48.4384
-55.5751,48.3244
-54.9019,47.9357
-54.2287,47.5471
-53.5556,47.1584
-52.8824,46.7698
-52.2093,46.3811
-51.5361,45.9925
-50.8629,45.6039
-50.1898,45.2152
-49.5166,44.8266
-48.8435,44.4379
-48.1703,44.0493
-47.4971,43.6606
-46.8240,43.2720
-46.1508,42.8833
-45.4777,42.4947
-44.8045,42.1060
-44.1313,41.7174
-43.4582,41.3287
-42.7850,40.9401
-42.1118,40.5514
-41.4387,40.1628
-40.7655,39.7741
-40.0924,39.3855
-39.4192,38.9968
-38.7460,38.6082
-38.0729,38.2195
-37.3997,37.8309
-36.7266,37.4422
-36.0534,37.0536
-35.3802,36.6649
-34.7071,36.2763
-34.0339,35.8876
-33.3608,35.4990
-32.6876,35.1103
-32.0144,34.7217
-31.3413,34.3330
-30.6681,33.9444
-29.9950,33.5557
-29.3218,33.1671
-28.6486,32.7784
-27.9755,32.3898
-27.3023,32.0011
-26.6292,31.6125
-25.9560,31.2238
-25.2828,30.8352
-24.6097,30.4465
-23.9365,30.0579
-23.2634,29.6692
-22.5902,29.2806
-21.9170,28.8919
-21.2439,28.5033
-20.5707,28.1146
-19.8976,27.7260
-19.2244,27.3373
-18.5512,26.9487
-17.8781,26.5600
-17.2049,26.1714
-16.5317,25.7827
-15.8586,25.3941
-15.6142,25.2544
-15.3686,25.1169
-15.1218,24.9817
-14.8737,24.8486
-14.6246,24.7177
-14.3742,24.5890
-14.1227,24.4625
-13.8702,24.3383
-13.6165,24.2164
-13.3617,24.0966
-13.1059,23.9792
-12.8491,23.8640
-12.5912,23.7511
-12.3324,23.6405
-12.0726,23.5323
-11.8118,23.4263
-11.5501,23.3226
-11.2875,23.2213
-11.0241,23.1223
-10.7597,23.0256
-10.4945,22.9313
-10.2285,22.8393
-9.9616,22.7497
-9.6940,22.6625
-9.4256,22.5777
-9.1565,22.4952
-8.8866,22.4152
-8.6161,22.3375
-8.3449,22.2622
-8.0730,22.1894
-7.8005,22.1190
-7.5273,22.0509
-7.2536,21.9854
-6.9793,21.9222
-6.7045,21.8615
-6.4291,21.8032
-6.1532,21.7474
-5.8768,21.6940
-5.6000,21.6431
-5.3227,21.5946
-5.0450,21.5486
-4.7670,21.5051
-4.4885,21.4640
-4.2097,21.4254
-3.9305,21.3893
-3.6511,21.3556
-3.3713,21.3245
-3.0913,21.2958
-2.8111,21.2696
-2.5306,21.2459
-2.2499,21.2247
-1.9691,21.2060
-1.6881,21.1897
-1.4069,21.1760
-1.1257,21.1648
-0.8443,21.1560
-0.5629,21.1498
-0.2815,21.1460
0.0000,21.1448
0.0534,21.1450
0.1067,21.1455
0.1601,21.1464
0.2134,21.1476
0.2667,21.1492
0.3201,21.1511
0.3734,21.1534
0.4267,21.1561
0.4799,21.1591
0.5332,21.1624
0.5864,21.1661
0.6396,21.1701
0.6928,21.1745
0.7459,21.1793
0.7990,21.1844
0.8521,21.1899
0.9052,21.1957
0.9582,21.2018
1.0111,21.2083
1.0640,21.2152
1.1169,21.2224
1.1697,21.2299
1.2225,21.2378
1.2752,21.2461
1.3279,21.2547
1.3805,21.2636
1.4330,21.2729
1.4855,21.2826
1.5379,21.2925
1.5902,21.3029
1.6425,21.3136
1.6947,21.3246
1.7469,21.3359
1.7989,21.3477
1.8509,21.3597
1.9028,21.3721
1.9546,21.3848
2.0063,21.3979
2.0580,21.4114
2.1095,21.4251
2.1610,21.4392
2.2123,21.4537
2.2636,21.4684
2.3148,21.4836
2.3658,21.4990
2.4168,21.5148
2.4677,21.5310
2.5184,21.5474
2.5691,21.5642
2.6196,21.5814
2.6700,21.5988
2.7203,21.6166
2.7705,21.6348
2.8205,21.6532
2.8705,21.6720
2.9203,21.6912
2.9700,21.7106
3.0195,21.7304
3.0689,21.7505
3.5209,21.9360
3.9721,22.1209
4.4224,22.3051
4.8720,22.4887
5.3207,22.6717
5.7687,22.8541
6.2158,23.0358
6.6622,23.2170
7.1077,23.3974
7.5524,23.5773
7.9964,23.7565
8.4395,23.9352
8.8818,24.1131
9.3233,24.2905
9.7641,24.4672
10.2040,24.6433
10.6431,24.8188
11.0814,24.9937
11.5189,25.1679
11.9556,25.3415
12.3915,25.5145
12.8266,25.6869
13.2609,25.8586
13.6944,26.0297
14.1271,26.2002
14.5590,26.3700
14.9900,26.5392
15.4203,26.7078
15.8498,26.8758
16.2785,27.0431
16.7063,27.2099
17.1334,27.3760
17.5597,27.5414
17.9851,27.7063
18.4098,27.8705
18.8336,28.0341
19.2567,28.1970
19.6789,28.3594
20.1004,28.5211
20.5210,28.6822
20.9408,28.8427
21.3599,29.0025
21.7781,29.1617
22.1955,29.3203
22.6122,29.4782
23.0280,29.6356
23.4430,29.7923
23.8572,29.9484
24.2706,30.1038
24.6832,30.2586
25.0950,30.4129
25.5060,30.5664
25.9162,30.7194
26.3256,30.8717
26.7342,31.0234
27.1420,31.1745
27.5490,31.3249
27.9552,31.4748
28.3606,31.6239
28.7651,31.7725
29.1689,31.9205
29.5719,32.0678
29.9741,32.2145
30.3754,32.3605
30.7760,32.5060
31.1757,32.6508
31.5747,32.7950
31.9728,32.9386
32.3702,33.0815
32.7667,33.2238
33.1625,33.3655
33.5574,33.5066
33.9516,33.6470
34.3449,33.7868
34.7374,33.9260
35.1291,34.0645
35.5201,34.2025
35.9102,34.3398
36.2995,34.4765
36.6880,34.6125
37.0757,34.7479
37.4626,34.8827
37.8487,35.0169
38.2340,35.1505
38.6185,35.2834
39.0022,35.4157
39.3851,35.5474
39.7672,35.6784
40.1485,35.8088
40.5290,35.9386
40.9087,36.0678
41.2875,36.1963
41.6656,36.3243
42.0429,36.4516
42.4193,36.5782
42.7950,36.7043
43.1699,36.8297
43.5439,36.9545
43.9172,37.0786
44.2896,37.2022
44.6613,37.3251
45.0321,37.4474
45.4022,37.5690
45.7714,37.6901
46.1398,37.8105
46.5075,37.9303
46.8743,38.0494
47.2403,38.1679
47.6055,38.2858
47.9699,38.4031
48.3336,38.5198
48.6964,38.6358
49.0584,38.7512
49.4196,38.8660
49.7800,38.9801
50.1396,39.0937
50.4984,39.2066
50.8564,39.3188
51.2136,39.4305
51.5700,39.5415
51.9255,39.6519
52.2803,39.7617
52.6343,39.8708
52.9875,39.9793
53.3398,40.0872
53.6914,40.1945
54.0422,40.3011
54.3921,40.4071
54.7413,40.5125
55.0897,40.6173
55.4372,40.7214
55.7840,40.8249
56.1299,40.9278
56.4750,41.0301
56.8194,41.1317
57.1629,41.2327
57.5057,41.3331
57.8476,41.4328
58.1887,41.5320
58.5290,41.6305
58.8686,41.7283
59.2073,41.8256
59.5452,41.9222
59.8823,42.0182
60.2186,42.1136
60.5541,42.2084
60.8888,42.3025
61.2227,42.3960
61.5558,42.4888
61.8881,42.5811
62.2196,42.6727
62.5503,42.7637
62.8802,42.8541
63.2092,42.9438
63.5375,43.0329
63.8650,43.1214
64.1917,43.2093
64.5175,43.2965
64.8426,43.3831
65.1668,43.4691
65.4903,43.5545
65.8130,43.6392
66.1348,43.7233
66.4559,43.8068
66.7761,43.8897
67.0955,43.9719
67.4142,44.0535
67.7320,44.1345
68.0490,44.2148
68.3653,44.2946
68.6807,44.3737
68.9953,44.4521
69.3091,44.5300
69.6222,44.6072
69.9344,44.6838
70.2458,44.7598
70.5564,44.8351
70.8662,44.9099
71.1752,44.9840
